timestamp,gpu_index,uuid,gpu_name,utilization_percent,memory_used_MiB,power_watts,temperature_C,processes
2026-09-16T10:24:55.936443+00:00,0,GPU-685c9973-bece-68da-c697-474881571cee,Tesla P100-PCIE-16GB,0,0,25.08,43,none
2026-09-16T10:24:55.936457+00:00,1,GPU-f60893db-9b34-48da-859c-ad6639f545ef,NVIDIA A100-SXM4-40GB,0,0,34.97,36,none
2026-09-16T10:24:57.072888+00:00,0,GPU-685c9973-bece-68da-c697-474881571cee,Tesla P100-PCIE-16GB,11,0,30.68,43,none
2026-09-16T10:24:57.072913+00:00,1,GPU-f60893db-9b34-48da-859c-ad6639f545ef,NVIDIA A100-SXM4-40GB,10,424,41.37,36,none
2026-09-16T10:24:58.160016+00:00,0,GPU-685c9973-bece-68da-c697-474881571cee,Tesla P100-PCIE-16GB,0,259,30.68,43,"15053, /usr/local/lib/ollama/llama-server, GPU-685c9973-bece-68da-c697-474881571cee, 256 MiB; 15082, /usr/local/lib/ollama/llama-server, GPU-f60893db-9b34-48da-859c-ad6639f545ef, 416 MiB"
2026-09-16T10:24:58.160040+00:00,1,GPU-f60893db-9b34-48da-859c-ad6639f545ef,NVIDIA A100-SXM4-40GB,21,1439,44.21,36,"15053, /usr/local/lib/ollama/llama-server, GPU-685c9973-bece-68da-c697-474881571cee, 256 MiB; 15082, /usr/local/lib/ollama/llama-server, GPU-f60893db-9b34-48da-859c-ad6639f545ef, 416 MiB"
2026-09-16T10:24:59.263959+00:00,0,GPU-685c9973-bece-68da-c697-474881571cee,Tesla P100-PCIE-16GB,0,259,30.68,43,"15053, /usr/local/lib/ollama/llama-server, GPU-685c9973-bece-68da-c697-474881571cee, 256 MiB; 15082, /usr/local/lib/ollama/llama-server, GPU-f60893db-9b34-48da-859c-ad6639f545ef, 416 MiB"
2026-09-16T10:24:59.264002+00:00,1,GPU-f60893db-9b34-48da-859c-ad6639f545ef,NVIDIA A100-SXM4-40GB,0,425,43.68,36,"15053, /usr/local/lib/ollama/llama-server, GPU-685c9973-bece-68da-c697-474881571cee, 256 MiB; 15082, /usr/local/lib/ollama/llama-server, GPU-f60893db-9b34-48da-859c-ad6639f545ef, 416 MiB"
2026-09-16T10:25:00.370548+00:00,0,GPU-685c9973-bece-68da-c697-474881571cee,Tesla P100-PCIE-16GB,80,2635,34.09,44,"15053, /usr/local/lib/ollama/llama-server, GPU-685c9973-bece-68da-c697-474881571cee, 2632 MiB; 15082, /usr/local/lib/ollama/llama-server, GPU-f60893db-9b34-48da-859c-ad6639f545ef, 416 MiB"
2026-09-16T10:25:00.370570+00:00,1,GPU-f60893db-9b34-48da-859c-ad6639f545ef,NVIDIA A100-SXM4-40GB,0,425,40.01,36,"15053, /usr/local/lib/ollama/llama-server, GPU-685c9973-bece-68da-c697-474881571cee, 2632 MiB; 15082, /usr/local/lib/ollama/llama-server, GPU-f60893db-9b34-48da-859c-ad6639f545ef, 416 MiB"
2026-09-16T10:25:01.539653+00:00,0,GPU-685c9973-bece-68da-c697-474881571cee,Tesla P100-PCIE-16GB,100,2635,35.06,44,"15053, /usr/local/lib/ollama/llama-server, GPU-685c9973-bece-68da-c697-474881571cee, 2632 MiB; 15082, /usr/local/lib/ollama/llama-server, GPU-f60893db-9b34-48da-859c-ad6639f545ef, 5134 MiB"
2026-09-16T10:25:01.539676+00:00,1,GPU-f60893db-9b34-48da-859c-ad6639f545ef,NVIDIA A100-SXM4-40GB,100,5143,56.03,37,"15053, /usr/local/lib/ollama/llama-server, GPU-685c9973-bece-68da-c697-474881571cee, 2632 MiB; 15082, /usr/local/lib/ollama/llama-server, GPU-f60893db-9b34-48da-859c-ad6639f545ef, 5134 MiB"
2026-09-16T10:25:02.667247+00:00,0,GPU-685c9973-bece-68da-c697-474881571cee,Tesla P100-PCIE-16GB,97,2635,35.29,44,"15053, /usr/local/lib/ollama/llama-server, GPU-685c9973-bece-68da-c697-474881571cee, 2632 MiB; 15082, /usr/local/lib/ollama/llama-server, GPU-f60893db-9b34-48da-859c-ad6639f545ef, 5134 MiB"
2026-09-16T10:25:02.667266+00:00,1,GPU-f60893db-9b34-48da-859c-ad6639f545ef,NVIDIA A100-SXM4-40GB,100,5143,56.54,37,"15053, /usr/local/lib/ollama/llama-server, GPU-685c9973-bece-68da-c697-474881571cee, 2632 MiB; 15082, /usr/local/lib/ollama/llama-server, GPU-f60893db-9b34-48da-859c-ad6639f545ef, 5134 MiB"
2026-09-16T10:25:03.797525+00:00,0,GPU-685c9973-bece-68da-c697-474881571cee,Tesla P100-PCIE-16GB,97,2635,35.53,44,"15053, /usr/local/lib/ollama/llama-server, GPU-685c9973-bece-68da-c697-474881571cee, 2632 MiB; 15082, /usr/local/lib/ollama/llama-server, GPU-f60893db-9b34-48da-859c-ad6639f545ef, 5134 MiB"
2026-09-16T10:25:03.797547+00:00,1,GPU-f60893db-9b34-48da-859c-ad6639f545ef,NVIDIA A100-SXM4-40GB,100,5143,56.54,37,"15053, /usr/local/lib/ollama/llama-server, GPU-685c9973-bece-68da-c697-474881571cee, 2632 MiB; 15082, /usr/local/lib/ollama/llama-server, GPU-f60893db-9b34-48da-859c-ad6639f545ef, 5134 MiB"
2026-09-16T10:25:04.918432+00:00,0,GPU-685c9973-bece-68da-c697-474881571cee,Tesla P100-PCIE-16GB,98,2635,35.29,44,"15053, /usr/local/lib/ollama/llama-server, GPU-685c9973-bece-68da-c697-474881571cee, 2632 MiB; 15082, /usr/local/lib/ollama/llama-server, GPU-f60893db-9b34-48da-859c-ad6639f545ef, 5134 MiB"
2026-09-16T10:25:04.918452+00:00,1,GPU-f60893db-9b34-48da-859c-ad6639f545ef,NVIDIA A100-SXM4-40GB,100,5143,56.54,37,"15053, /usr/local/lib/ollama/llama-server, GPU-685c9973-bece-68da-c697-474881571cee, 2632 MiB; 15082, /usr/local/lib/ollama/llama-server, GPU-f60893db-9b34-48da-859c-ad6639f545ef, 5134 MiB"
2026-09-16T10:25:06.046105+00:00,0,GPU-685c9973-bece-68da-c697-474881571cee,Tesla P100-PCIE-16GB,99,2635,35.29,44,"15053, /usr/local/lib/ollama/llama-server, GPU-685c9973-bece-68da-c697-474881571cee, 2632 MiB; 15082, /usr/local/lib/ollama/llama-server, GPU-f60893db-9b34-48da-859c-ad6639f545ef, 5134 MiB"
2026-09-16T10:25:06.046134+00:00,1,GPU-f60893db-9b34-48da-859c-ad6639f545ef,NVIDIA A100-SXM4-40GB,99,5143,56.54,37,"15053, /usr/local/lib/ollama/llama-server, GPU-685c9973-bece-68da-c697-474881571cee, 2632 MiB; 15082, /usr/local/lib/ollama/llama-server, GPU-f60893db-9b34-48da-859c-ad6639f545ef, 5134 MiB"
2026-09-16T10:25:07.182170+00:00,0,GPU-685c9973-bece-68da-c697-474881571cee,Tesla P100-PCIE-16GB,97,2635,35.53,44,"15053, /usr/local/lib/ollama/llama-server, GPU-685c9973-bece-68da-c697-474881571cee, 2632 MiB; 15082, /usr/local/lib/ollama/llama-server, GPU-f60893db-9b34-48da-859c-ad6639f545ef, 5134 MiB"
2026-09-16T10:25:07.182192+00:00,1,GPU-f60893db-9b34-48da-859c-ad6639f545ef,NVIDIA A100-SXM4-40GB,100,5143,56.54,38,"15053, /usr/local/lib/ollama/llama-server, GPU-685c9973-bece-68da-c697-474881571cee, 2632 MiB; 15082, /usr/local/lib/ollama/llama-server, GPU-f60893db-9b34-48da-859c-ad6639f545ef, 5134 MiB"
2026-09-16T10:25:08.299681+00:00,0,GPU-685c9973-bece-68da-c697-474881571cee,Tesla P100-PCIE-16GB,98,2635,35.31,44,"15053, /usr/local/lib/ollama/llama-server, GPU-685c9973-bece-68da-c697-474881571cee, 2632 MiB; 15082, /usr/local/lib/ollama/llama-server, GPU-f60893db-9b34-48da-859c-ad6639f545ef, 5134 MiB"
2026-09-16T10:25:08.299702+00:00,1,GPU-f60893db-9b34-48da-859c-ad6639f545ef,NVIDIA A100-SXM4-40GB,100,5143,56.54,38,"15053, /usr/local/lib/ollama/llama-server, GPU-685c9973-bece-68da-c697-474881571cee, 2632 MiB; 15082, /usr/local/lib/ollama/llama-server, GPU-f60893db-9b34-48da-859c-ad6639f545ef, 5134 MiB"
2026-09-16T10:25:09.447094+00:00,0,GPU-685c9973-bece-68da-c697-474881571cee,Tesla P100-PCIE-16GB,98,2635,35.55,44,"15053, /usr/local/lib/ollama/llama-server, GPU-685c9973-bece-68da-c697-474881571cee, 2632 MiB; 15082, /usr/local/lib/ollama/llama-server, GPU-f60893db-9b34-48da-859c-ad6639f545ef, 5134 MiB"
2026-09-16T10:25:09.447113+00:00,1,GPU-f60893db-9b34-48da-859c-ad6639f545ef,NVIDIA A100-SXM4-40GB,100,5143,56.54,38,"15053, /usr/local/lib/ollama/llama-server, GPU-685c9973-bece-68da-c697-474881571cee, 2632 MiB; 15082, /usr/local/lib/ollama/llama-server, GPU-f60893db-9b34-48da-859c-ad6639f545ef, 5134 MiB"
2026-09-16T10:25:10.579551+00:00,0,GPU-685c9973-bece-68da-c697-474881571cee,Tesla P100-PCIE-16GB,99,2635,35.31,44,"15053, /usr/local/lib/ollama/llama-server, GPU-685c9973-bece-68da-c697-474881571cee, 2632 MiB; 15082, /usr/local/lib/ollama/llama-server, GPU-f60893db-9b34-48da-859c-ad6639f545ef, 5134 MiB"
2026-09-16T10:25:10.579573+00:00,1,GPU-f60893db-9b34-48da-859c-ad6639f545ef,NVIDIA A100-SXM4-40GB,100,5143,56.54,38,"15053, /usr/local/lib/ollama/llama-server, GPU-685c9973-bece-68da-c697-474881571cee, 2632 MiB; 15082, /usr/local/lib/ollama/llama-server, GPU-f60893db-9b34-48da-859c-ad6639f545ef, 5134 MiB"
2026-09-16T10:25:11.705875+00:00,0,GPU-685c9973-bece-68da-c697-474881571cee,Tesla P100-PCIE-16GB,99,2635,35.55,44,"15053, /usr/local/lib/ollama/llama-server, GPU-685c9973-bece-68da-c697-474881571cee, 2632 MiB; 15082, /usr/local/lib/ollama/llama-server, GPU-f60893db-9b34-48da-859c-ad6639f545ef, 5134 MiB"
2026-09-16T10:25:11.705896+00:00,1,GPU-f60893db-9b34-48da-859c-ad6639f545ef,NVIDIA A100-SXM4-40GB,100,5143,56.54,38,"15053, /usr/local/lib/ollama/llama-server, GPU-685c9973-bece-68da-c697-474881571cee, 2632 MiB; 15082, /usr/local/lib/ollama/llama-server, GPU-f60893db-9b34-48da-859c-ad6639f545ef, 5134 MiB"
2026-09-16T10:25:12.830664+00:00,0,GPU-685c9973-bece-68da-c697-474881571cee,Tesla P100-PCIE-16GB,98,2635,35.55,44,"15053, /usr/local/lib/ollama/llama-server, GPU-685c9973-bece-68da-c697-474881571cee, 2632 MiB; 15082, /usr/local/lib/ollama/llama-server, GPU-f60893db-9b34-48da-859c-ad6639f545ef, 5134 MiB"
2026-09-16T10:25:12.830761+00:00,1,GPU-f60893db-9b34-48da-859c-ad6639f545ef,NVIDIA A100-SXM4-40GB,100,5143,56.03,38,"15053, /usr/local/lib/ollama/llama-server, GPU-685c9973-bece-68da-c697-474881571cee, 2632 MiB; 15082, /usr/local/lib/ollama/llama-server, GPU-f60893db-9b34-48da-859c-ad6639f545ef, 5134 MiB"
2026-09-16T10:25:13.964823+00:00,0,GPU-685c9973-bece-68da-c697-474881571cee,Tesla P100-PCIE-16GB,56,4459,51.83,44,"15053, /usr/local/lib/ollama/llama-server, GPU-685c9973-bece-68da-c697-474881571cee, 4456 MiB; 15082, /usr/local/lib/ollama/llama-server, GPU-f60893db-9b34-48da-859c-ad6639f545ef, 5134 MiB"
2026-09-16T10:25:13.964844+00:00,1,GPU-f60893db-9b34-48da-859c-ad6639f545ef,NVIDIA A100-SXM4-40GB,99,5143,56.54,38,"15053, /usr/local/lib/ollama/llama-server, GPU-685c9973-bece-68da-c697-474881571cee, 4456 MiB; 15082, /usr/local/lib/ollama/llama-server, GPU-f60893db-9b34-48da-859c-ad6639f545ef, 5134 MiB"
2026-09-16T10:25:15.116979+00:00,0,GPU-685c9973-bece-68da-c697-474881571cee,Tesla P100-PCIE-16GB,0,4459,36.02,44,"15053, /usr/local/lib/ollama/llama-server, GPU-685c9973-bece-68da-c697-474881571cee, 4456 MiB; 15082, /usr/local/lib/ollama/llama-server, GPU-f60893db-9b34-48da-859c-ad6639f545ef, 5134 MiB"
2026-09-16T10:25:15.117000+00:00,1,GPU-f60893db-9b34-48da-859c-ad6639f545ef,NVIDIA A100-SXM4-40GB,100,5143,56.03,38,"15053, /usr/local/lib/ollama/llama-server, GPU-685c9973-bece-68da-c697-474881571cee, 4456 MiB; 15082, /usr/local/lib/ollama/llama-server, GPU-f60893db-9b34-48da-859c-ad6639f545ef, 5134 MiB"
2026-09-16T10:25:16.246027+00:00,0,GPU-685c9973-bece-68da-c697-474881571cee,Tesla P100-PCIE-16GB,84,4569,148.97,47,"15053, /usr/local/lib/ollama/llama-server, GPU-685c9973-bece-68da-c697-474881571cee, 4564 MiB; 15082, /usr/local/lib/ollama/llama-server, GPU-f60893db-9b34-48da-859c-ad6639f545ef, 5134 MiB"
2026-09-16T10:25:16.246053+00:00,1,GPU-f60893db-9b34-48da-859c-ad6639f545ef,NVIDIA A100-SXM4-40GB,100,5143,56.73,38,"15053, /usr/local/lib/ollama/llama-server, GPU-685c9973-bece-68da-c697-474881571cee, 4564 MiB; 15082, /usr/local/lib/ollama/llama-server, GPU-f60893db-9b34-48da-859c-ad6639f545ef, 5134 MiB"
2026-09-16T10:25:17.381559+00:00,0,GPU-685c9973-bece-68da-c697-474881571cee,Tesla P100-PCIE-16GB,84,5817,141.61,49,"15053, /usr/local/lib/ollama/llama-server, GPU-685c9973-bece-68da-c697-474881571cee, 5812 MiB; 15082, /usr/local/lib/ollama/llama-server, GPU-f60893db-9b34-48da-859c-ad6639f545ef, 5134 MiB"
2026-09-16T10:25:17.381597+00:00,1,GPU-f60893db-9b34-48da-859c-ad6639f545ef,NVIDIA A100-SXM4-40GB,100,5143,56.22,38,"15053, /usr/local/lib/ollama/llama-server, GPU-685c9973-bece-68da-c697-474881571cee, 5812 MiB; 15082, /usr/local/lib/ollama/llama-server, GPU-f60893db-9b34-48da-859c-ad6639f545ef, 5134 MiB"
2026-09-16T10:25:18.527359+00:00,0,GPU-685c9973-bece-68da-c697-474881571cee,Tesla P100-PCIE-16GB,100,5817,37.62,48,"15053, /usr/local/lib/ollama/llama-server, GPU-685c9973-bece-68da-c697-474881571cee, 5812 MiB; 15082, /usr/local/lib/ollama/llama-server, GPU-f60893db-9b34-48da-859c-ad6639f545ef, 5134 MiB"
2026-09-16T10:25:18.527382+00:00,1,GPU-f60893db-9b34-48da-859c-ad6639f545ef,NVIDIA A100-SXM4-40GB,100,5143,56.25,38,"15053, /usr/local/lib/ollama/llama-server, GPU-685c9973-bece-68da-c697-474881571cee, 5812 MiB; 15082, /usr/local/lib/ollama/llama-server, GPU-f60893db-9b34-48da-859c-ad6639f545ef, 5134 MiB"
2026-09-16T10:25:19.669041+00:00,0,GPU-685c9973-bece-68da-c697-474881571cee,Tesla P100-PCIE-16GB,100,5817,36.62,46,"15053, /usr/local/lib/ollama/llama-server, GPU-685c9973-bece-68da-c697-474881571cee, 5812 MiB; 15082, /usr/local/lib/ollama/llama-server, GPU-f60893db-9b34-48da-859c-ad6639f545ef, 5134 MiB"
2026-09-16T10:25:19.669062+00:00,1,GPU-f60893db-9b34-48da-859c-ad6639f545ef,NVIDIA A100-SXM4-40GB,100,5143,56.22,38,"15053, /usr/local/lib/ollama/llama-server, GPU-685c9973-bece-68da-c697-474881571cee, 5812 MiB; 15082, /usr/local/lib/ollama/llama-server, GPU-f60893db-9b34-48da-859c-ad6639f545ef, 5134 MiB"
2026-09-16T10:25:20.802868+00:00,0,GPU-685c9973-bece-68da-c697-474881571cee,Tesla P100-PCIE-16GB,100,5817,36.37,45,"15053, /usr/local/lib/ollama/llama-server, GPU-685c9973-bece-68da-c697-474881571cee, 5812 MiB; 15082, /usr/local/lib/ollama/llama-server, GPU-f60893db-9b34-48da-859c-ad6639f545ef, 5134 MiB"
2026-09-16T10:25:20.802889+00:00,1,GPU-f60893db-9b34-48da-859c-ad6639f545ef,NVIDIA A100-SXM4-40GB,100,5143,56.22,38,"15053, /usr/local/lib/ollama/llama-server, GPU-685c9973-bece-68da-c697-474881571cee, 5812 MiB; 15082, /usr/local/lib/ollama/llama-server, GPU-f60893db-9b34-48da-859c-ad6639f545ef, 5134 MiB"
2026-09-16T10:25:21.935683+00:00,0,GPU-685c9973-bece-68da-c697-474881571cee,Tesla P100-PCIE-16GB,100,5817,36.37,45,"15053, /usr/local/lib/ollama/llama-server, GPU-685c9973-bece-68da-c697-474881571cee, 5812 MiB; 15082, /usr/local/lib/ollama/llama-server, GPU-f60893db-9b34-48da-859c-ad6639f545ef, 5134 MiB"
2026-09-16T10:25:21.935705+00:00,1,GPU-f60893db-9b34-48da-859c-ad6639f545ef,NVIDIA A100-SXM4-40GB,100,5143,56.22,38,"15053, /usr/local/lib/ollama/llama-server, GPU-685c9973-bece-68da-c697-474881571cee, 5812 MiB; 15082, /usr/local/lib/ollama/llama-server, GPU-f60893db-9b34-48da-859c-ad6639f545ef, 5134 MiB"
2026-09-16T10:25:23.070794+00:00,0,GPU-685c9973-bece-68da-c697-474881571cee,Tesla P100-PCIE-16GB,100,5817,36.28,45,"15053, /usr/local/lib/ollama/llama-server, GPU-685c9973-bece-68da-c697-474881571cee, 5812 MiB; 15082, /usr/local/lib/ollama/llama-server, GPU-f60893db-9b34-48da-859c-ad6639f545ef, 5134 MiB"
2026-09-16T10:25:23.070817+00:00,1,GPU-f60893db-9b34-48da-859c-ad6639f545ef,NVIDIA A100-SXM4-40GB,99,5143,56.58,38,"15053, /usr/local/lib/ollama/llama-server, GPU-685c9973-bece-68da-c697-474881571cee, 5812 MiB; 15082, /usr/local/lib/ollama/llama-server, GPU-f60893db-9b34-48da-859c-ad6639f545ef, 5134 MiB"
2026-09-16T10:25:24.203501+00:00,0,GPU-685c9973-bece-68da-c697-474881571cee,Tesla P100-PCIE-16GB,99,5817,36.26,45,"15053, /usr/local/lib/ollama/llama-server, GPU-685c9973-bece-68da-c697-474881571cee, 5812 MiB; 15082, /usr/local/lib/ollama/llama-server, GPU-f60893db-9b34-48da-859c-ad6639f545ef, 5134 MiB"
2026-09-16T10:25:24.203523+00:00,1,GPU-f60893db-9b34-48da-859c-ad6639f545ef,NVIDIA A100-SXM4-40GB,100,5143,56.54,38,"15053, /usr/local/lib/ollama/llama-server, GPU-685c9973-bece-68da-c697-474881571cee, 5812 MiB; 15082, /usr/local/lib/ollama/llama-server, GPU-f60893db-9b34-48da-859c-ad6639f545ef, 5134 MiB"
2026-09-16T10:25:25.347032+00:00,0,GPU-685c9973-bece-68da-c697-474881571cee,Tesla P100-PCIE-16GB,96,5817,183.80,50,"15053, /usr/local/lib/ollama/llama-server, GPU-685c9973-bece-68da-c697-474881571cee, 5812 MiB; 15082, /usr/local/lib/ollama/llama-server, GPU-f60893db-9b34-48da-859c-ad6639f545ef, 5134 MiB"
2026-09-16T10:25:25.347055+00:00,1,GPU-f60893db-9b34-48da-859c-ad6639f545ef,NVIDIA A100-SXM4-40GB,98,5143,56.73,38,"15053, /usr/local/lib/ollama/llama-server, GPU-685c9973-bece-68da-c697-474881571cee, 5812 MiB; 15082, /usr/local/lib/ollama/llama-server, GPU-f60893db-9b34-48da-859c-ad6639f545ef, 5134 MiB"
2026-09-16T10:25:26.451752+00:00,0,GPU-685c9973-bece-68da-c697-474881571cee,Tesla P100-PCIE-16GB,100,5817,187.65,52,"15053, /usr/local/lib/ollama/llama-server, GPU-685c9973-bece-68da-c697-474881571cee, 5812 MiB; 15082, /usr/local/lib/ollama/llama-server, GPU-f60893db-9b34-48da-859c-ad6639f545ef, 5134 MiB"
2026-09-16T10:25:26.451809+00:00,1,GPU-f60893db-9b34-48da-859c-ad6639f545ef,NVIDIA A100-SXM4-40GB,22,5143,56.22,38,"15053, /usr/local/lib/ollama/llama-server, GPU-685c9973-bece-68da-c697-474881571cee, 5812 MiB; 15082, /usr/local/lib/ollama/llama-server, GPU-f60893db-9b34-48da-859c-ad6639f545ef, 5134 MiB"
2026-09-16T10:25:27.591811+00:00,0,GPU-685c9973-bece-68da-c697-474881571cee,Tesla P100-PCIE-16GB,100,5817,37.36,48,"15053, /usr/local/lib/ollama/llama-server, GPU-685c9973-bece-68da-c697-474881571cee, 5812 MiB; 15082, /usr/local/lib/ollama/llama-server, GPU-f60893db-9b34-48da-859c-ad6639f545ef, 7518 MiB"
2026-09-16T10:25:27.591832+00:00,1,GPU-f60893db-9b34-48da-859c-ad6639f545ef,NVIDIA A100-SXM4-40GB,86,7527,56.22,39,"15053, /usr/local/lib/ollama/llama-server, GPU-685c9973-bece-68da-c697-474881571cee, 5812 MiB; 15082, /usr/local/lib/ollama/llama-server, GPU-f60893db-9b34-48da-859c-ad6639f545ef, 7518 MiB"
2026-09-16T10:25:28.716424+00:00,0,GPU-685c9973-bece-68da-c697-474881571cee,Tesla P100-PCIE-16GB,100,5817,36.87,47,"15053, /usr/local/lib/ollama/llama-server, GPU-685c9973-bece-68da-c697-474881571cee, 5812 MiB; 15082, /usr/local/lib/ollama/llama-server, GPU-f60893db-9b34-48da-859c-ad6639f545ef, 7518 MiB"
2026-09-16T10:25:28.716445+00:00,1,GPU-f60893db-9b34-48da-859c-ad6639f545ef,NVIDIA A100-SXM4-40GB,87,7527,56.22,39,"15053, /usr/local/lib/ollama/llama-server, GPU-685c9973-bece-68da-c697-474881571cee, 5812 MiB; 15082, /usr/local/lib/ollama/llama-server, GPU-f60893db-9b34-48da-859c-ad6639f545ef, 7518 MiB"
2026-09-16T10:25:29.843009+00:00,0,GPU-685c9973-bece-68da-c697-474881571cee,Tesla P100-PCIE-16GB,100,5817,36.88,47,"15053, /usr/local/lib/ollama/llama-server, GPU-685c9973-bece-68da-c697-474881571cee, 5812 MiB; 15082, /usr/local/lib/ollama/llama-server, GPU-f60893db-9b34-48da-859c-ad6639f545ef, 7518 MiB"
2026-09-16T10:25:29.843029+00:00,1,GPU-f60893db-9b34-48da-859c-ad6639f545ef,NVIDIA A100-SXM4-40GB,89,7527,56.22,39,"15053, /usr/local/lib/ollama/llama-server, GPU-685c9973-bece-68da-c697-474881571cee, 5812 MiB; 15082, /usr/local/lib/ollama/llama-server, GPU-f60893db-9b34-48da-859c-ad6639f545ef, 7518 MiB"
2026-09-16T10:25:30.971312+00:00,0,GPU-685c9973-bece-68da-c697-474881571cee,Tesla P100-PCIE-16GB,100,5817,36.79,47,"15053, /usr/local/lib/ollama/llama-server, GPU-685c9973-bece-68da-c697-474881571cee, 5812 MiB; 15082, /usr/local/lib/ollama/llama-server, GPU-f60893db-9b34-48da-859c-ad6639f545ef, 7518 MiB"
2026-09-16T10:25:30.971334+00:00,1,GPU-f60893db-9b34-48da-859c-ad6639f545ef,NVIDIA A100-SXM4-40GB,92,7527,56.62,39,"15053, /usr/local/lib/ollama/llama-server, GPU-685c9973-bece-68da-c697-474881571cee, 5812 MiB; 15082, /usr/local/lib/ollama/llama-server, GPU-f60893db-9b34-48da-859c-ad6639f545ef, 7518 MiB"
2026-09-16T10:25:32.115932+00:00,0,GPU-685c9973-bece-68da-c697-474881571cee,Tesla P100-PCIE-16GB,100,5817,36.75,47,"15053, /usr/local/lib/ollama/llama-server, GPU-685c9973-bece-68da-c697-474881571cee, 5812 MiB; 15082, /usr/local/lib/ollama/llama-server, GPU-f60893db-9b34-48da-859c-ad6639f545ef, 7518 MiB"
2026-09-16T10:25:32.115953+00:00,1,GPU-f60893db-9b34-48da-859c-ad6639f545ef,NVIDIA A100-SXM4-40GB,91,7527,56.54,39,"15053, /usr/local/lib/ollama/llama-server, GPU-685c9973-bece-68da-c697-474881571cee, 5812 MiB; 15082, /usr/local/lib/ollama/llama-server, GPU-f60893db-9b34-48da-859c-ad6639f545ef, 7518 MiB"
2026-09-16T10:25:33.264705+00:00,0,GPU-685c9973-bece-68da-c697-474881571cee,Tesla P100-PCIE-16GB,37,5817,40.50,47,"15053, /usr/local/lib/ollama/llama-server, GPU-685c9973-bece-68da-c697-474881571cee, 5812 MiB; 15082, /usr/local/lib/ollama/llama-server, GPU-f60893db-9b34-48da-859c-ad6639f545ef, 7776 MiB"
2026-09-16T10:25:33.264725+00:00,1,GPU-f60893db-9b34-48da-859c-ad6639f545ef,NVIDIA A100-SXM4-40GB,57,7785,61.72,39,"15053, /usr/local/lib/ollama/llama-server, GPU-685c9973-bece-68da-c697-474881571cee, 5812 MiB; 15082, /usr/local/lib/ollama/llama-server, GPU-f60893db-9b34-48da-859c-ad6639f545ef, 7776 MiB"
2026-09-16T10:25:34.345891+00:00,0,GPU-685c9973-bece-68da-c697-474881571cee,Tesla P100-PCIE-16GB,59,5817,53.16,48,"15053, /usr/local/lib/ollama/llama-server, GPU-685c9973-bece-68da-c697-474881571cee, 5812 MiB; 15082, /usr/local/lib/ollama/llama-server, GPU-f60893db-9b34-48da-859c-ad6639f545ef, 7796 MiB"
2026-09-16T10:25:34.345911+00:00,1,GPU-f60893db-9b34-48da-859c-ad6639f545ef,NVIDIA A100-SXM4-40GB,100,7805,259.50,47,"15053, /usr/local/lib/ollama/llama-server, GPU-685c9973-bece-68da-c697-474881571cee, 5812 MiB; 15082, /usr/local/lib/ollama/llama-server, GPU-f60893db-9b34-48da-859c-ad6639f545ef, 7796 MiB"
2026-09-16T10:25:35.423009+00:00,0,GPU-685c9973-bece-68da-c697-474881571cee,Tesla P100-PCIE-16GB,0,5817,36.85,47,"15053, /usr/local/lib/ollama/llama-server, GPU-685c9973-bece-68da-c697-474881571cee, 5812 MiB; 15082, /usr/local/lib/ollama/llama-server, GPU-f60893db-9b34-48da-859c-ad6639f545ef, 7796 MiB"
2026-09-16T10:25:35.423056+00:00,1,GPU-f60893db-9b34-48da-859c-ad6639f545ef,NVIDIA A100-SXM4-40GB,100,7805,264.13,49,"15053, /usr/local/lib/ollama/llama-server, GPU-685c9973-bece-68da-c697-474881571cee, 5812 MiB; 15082, /usr/local/lib/ollama/llama-server, GPU-f60893db-9b34-48da-859c-ad6639f545ef, 7796 MiB"
2026-09-16T10:25:36.490211+00:00,0,GPU-685c9973-bece-68da-c697-474881571cee,Tesla P100-PCIE-16GB,0,5817,36.86,47,"15053, /usr/local/lib/ollama/llama-server, GPU-685c9973-bece-68da-c697-474881571cee, 5812 MiB; 15082, /usr/local/lib/ollama/llama-server, GPU-f60893db-9b34-48da-859c-ad6639f545ef, 7796 MiB"
2026-09-16T10:25:36.490232+00:00,1,GPU-f60893db-9b34-48da-859c-ad6639f545ef,NVIDIA A100-SXM4-40GB,90,7805,135.41,44,"15053, /usr/local/lib/ollama/llama-server, GPU-685c9973-bece-68da-c697-474881571cee, 5812 MiB; 15082, /usr/local/lib/ollama/llama-server, GPU-f60893db-9b34-48da-859c-ad6639f545ef, 7796 MiB"
2026-09-16T10:25:37.561980+00:00,0,GPU-685c9973-bece-68da-c697-474881571cee,Tesla P100-PCIE-16GB,0,5817,31.25,47,"15053, /usr/local/lib/ollama/llama-server, GPU-685c9973-bece-68da-c697-474881571cee, 5812 MiB; 15082, /usr/local/lib/ollama/llama-server, GPU-f60893db-9b34-48da-859c-ad6639f545ef, 7796 MiB"
2026-09-16T10:25:37.562000+00:00,1,GPU-f60893db-9b34-48da-859c-ad6639f545ef,NVIDIA A100-SXM4-40GB,75,7805,127.23,45,"15053, /usr/local/lib/ollama/llama-server, GPU-685c9973-bece-68da-c697-474881571cee, 5812 MiB; 15082, /usr/local/lib/ollama/llama-server, GPU-f60893db-9b34-48da-859c-ad6639f545ef, 7796 MiB"
2026-09-16T10:25:38.632981+00:00,0,GPU-685c9973-bece-68da-c697-474881571cee,Tesla P100-PCIE-16GB,0,5817,31.00,47,"15053, /usr/local/lib/ollama/llama-server, GPU-685c9973-bece-68da-c697-474881571cee, 5812 MiB; 15082, /usr/local/lib/ollama/llama-server, GPU-f60893db-9b34-48da-859c-ad6639f545ef, 7796 MiB"
2026-09-16T10:25:38.633002+00:00,1,GPU-f60893db-9b34-48da-859c-ad6639f545ef,NVIDIA A100-SXM4-40GB,73,7805,152.25,46,"15053, /usr/local/lib/ollama/llama-server, GPU-685c9973-bece-68da-c697-474881571cee, 5812 MiB; 15082, /usr/local/lib/ollama/llama-server, GPU-f60893db-9b34-48da-859c-ad6639f545ef, 7796 MiB"
2026-09-16T10:25:39.710972+00:00,0,GPU-685c9973-bece-68da-c697-474881571cee,Tesla P100-PCIE-16GB,0,5817,31.25,46,"15053, /usr/local/lib/ollama/llama-server, GPU-685c9973-bece-68da-c697-474881571cee, 5812 MiB; 15082, /usr/local/lib/ollama/llama-server, GPU-f60893db-9b34-48da-859c-ad6639f545ef, 7796 MiB"
2026-09-16T10:25:39.710992+00:00,1,GPU-f60893db-9b34-48da-859c-ad6639f545ef,NVIDIA A100-SXM4-40GB,73,7805,159.35,46,"15053, /usr/local/lib/ollama/llama-server, GPU-685c9973-bece-68da-c697-474881571cee, 5812 MiB; 15082, /usr/local/lib/ollama/llama-server, GPU-f60893db-9b34-48da-859c-ad6639f545ef, 7796 MiB"
2026-09-16T10:25:40.791042+00:00,0,GPU-685c9973-bece-68da-c697-474881571cee,Tesla P100-PCIE-16GB,0,5817,31.27,46,"15053, /usr/local/lib/ollama/llama-server, GPU-685c9973-bece-68da-c697-474881571cee, 5812 MiB; 15082, /usr/local/lib/ollama/llama-server, GPU-f60893db-9b34-48da-859c-ad6639f545ef, 7796 MiB"
2026-09-16T10:25:40.791063+00:00,1,GPU-f60893db-9b34-48da-859c-ad6639f545ef,NVIDIA A100-SXM4-40GB,76,7805,138.21,47,"15053, /usr/local/lib/ollama/llama-server, GPU-685c9973-bece-68da-c697-474881571cee, 5812 MiB; 15082, /usr/local/lib/ollama/llama-server, GPU-f60893db-9b34-48da-859c-ad6639f545ef, 7796 MiB"
2026-09-16T10:25:41.888814+00:00,0,GPU-685c9973-bece-68da-c697-474881571cee,Tesla P100-PCIE-16GB,0,5817,31.27,46,"15053, /usr/local/lib/ollama/llama-server, GPU-685c9973-bece-68da-c697-474881571cee, 5812 MiB; 15082, /usr/local/lib/ollama/llama-server, GPU-f60893db-9b34-48da-859c-ad6639f545ef, 7796 MiB"
2026-09-16T10:25:41.888834+00:00,1,GPU-f60893db-9b34-48da-859c-ad6639f545ef,NVIDIA A100-SXM4-40GB,75,7805,147.54,47,"15053, /usr/local/lib/ollama/llama-server, GPU-685c9973-bece-68da-c697-474881571cee, 5812 MiB; 15082, /usr/local/lib/ollama/llama-server, GPU-f60893db-9b34-48da-859c-ad6639f545ef, 7796 MiB"
2026-09-16T10:25:42.957292+00:00,0,GPU-685c9973-bece-68da-c697-474881571cee,Tesla P100-PCIE-16GB,0,5817,31.00,46,"15053, /usr/local/lib/ollama/llama-server, GPU-685c9973-bece-68da-c697-474881571cee, 5812 MiB; 15082, /usr/local/lib/ollama/llama-server, GPU-f60893db-9b34-48da-859c-ad6639f545ef, 7796 MiB"
2026-09-16T10:25:42.957314+00:00,1,GPU-f60893db-9b34-48da-859c-ad6639f545ef,NVIDIA A100-SXM4-40GB,75,7805,172.83,47,"15053, /usr/local/lib/ollama/llama-server, GPU-685c9973-bece-68da-c697-474881571cee, 5812 MiB; 15082, /usr/local/lib/ollama/llama-server, GPU-f60893db-9b34-48da-859c-ad6639f545ef, 7796 MiB"
2026-09-16T10:25:44.037769+00:00,0,GPU-685c9973-bece-68da-c697-474881571cee,Tesla P100-PCIE-16GB,0,5817,31.25,46,"15053, /usr/local/lib/ollama/llama-server, GPU-685c9973-bece-68da-c697-474881571cee, 5812 MiB; 15082, /usr/local/lib/ollama/llama-server, GPU-f60893db-9b34-48da-859c-ad6639f545ef, 7796 MiB"
2026-09-16T10:25:44.037802+00:00,1,GPU-f60893db-9b34-48da-859c-ad6639f545ef,NVIDIA A100-SXM4-40GB,74,7805,176.26,48,"15053, /usr/local/lib/ollama/llama-server, GPU-685c9973-bece-68da-c697-474881571cee, 5812 MiB; 15082, /usr/local/lib/ollama/llama-server, GPU-f60893db-9b34-48da-859c-ad6639f545ef, 7796 MiB"
2026-09-16T10:25:45.129165+00:00,0,GPU-685c9973-bece-68da-c697-474881571cee,Tesla P100-PCIE-16GB,0,5817,31.27,46,"15053, /usr/local/lib/ollama/llama-server, GPU-685c9973-bece-68da-c697-474881571cee, 5812 MiB; 15082, /usr/local/lib/ollama/llama-server, GPU-f60893db-9b34-48da-859c-ad6639f545ef, 7796 MiB"
2026-09-16T10:25:45.129187+00:00,1,GPU-f60893db-9b34-48da-859c-ad6639f545ef,NVIDIA A100-SXM4-40GB,76,7805,184.46,48,"15053, /usr/local/lib/ollama/llama-server, GPU-685c9973-bece-68da-c697-474881571cee, 5812 MiB; 15082, /usr/local/lib/ollama/llama-server, GPU-f60893db-9b34-48da-859c-ad6639f545ef, 7796 MiB"
2026-09-16T10:25:46.207143+00:00,0,GPU-685c9973-bece-68da-c697-474881571cee,Tesla P100-PCIE-16GB,0,5817,31.02,46,"15053, /usr/local/lib/ollama/llama-server, GPU-685c9973-bece-68da-c697-474881571cee, 5812 MiB; 15082, /usr/local/lib/ollama/llama-server, GPU-f60893db-9b34-48da-859c-ad6639f545ef, 7796 MiB"
2026-09-16T10:25:46.207163+00:00,1,GPU-f60893db-9b34-48da-859c-ad6639f545ef,NVIDIA A100-SXM4-40GB,75,7805,168.41,48,"15053, /usr/local/lib/ollama/llama-server, GPU-685c9973-bece-68da-c697-474881571cee, 5812 MiB; 15082, /usr/local/lib/ollama/llama-server, GPU-f60893db-9b34-48da-859c-ad6639f545ef, 7796 MiB"
2026-09-16T10:25:47.288143+00:00,0,GPU-685c9973-bece-68da-c697-474881571cee,Tesla P100-PCIE-16GB,0,5817,31.01,46,"15053, /usr/local/lib/ollama/llama-server, GPU-685c9973-bece-68da-c697-474881571cee, 5812 MiB; 15082, /usr/local/lib/ollama/llama-server, GPU-f60893db-9b34-48da-859c-ad6639f545ef, 7796 MiB"
2026-09-16T10:25:47.288174+00:00,1,GPU-f60893db-9b34-48da-859c-ad6639f545ef,NVIDIA A100-SXM4-40GB,77,7805,180.71,49,"15053, /usr/local/lib/ollama/llama-server, GPU-685c9973-bece-68da-c697-474881571cee, 5812 MiB; 15082, /usr/local/lib/ollama/llama-server, GPU-f60893db-9b34-48da-859c-ad6639f545ef, 7796 MiB"
2026-09-16T10:25:48.363666+00:00,0,GPU-685c9973-bece-68da-c697-474881571cee,Tesla P100-PCIE-16GB,0,5817,31.00,46,"15053, /usr/local/lib/ollama/llama-server, GPU-685c9973-bece-68da-c697-474881571cee, 5812 MiB; 15082, /usr/local/lib/ollama/llama-server, GPU-f60893db-9b34-48da-859c-ad6639f545ef, 7796 MiB"
2026-09-16T10:25:48.363688+00:00,1,GPU-f60893db-9b34-48da-859c-ad6639f545ef,NVIDIA A100-SXM4-40GB,75,7805,165.10,49,"15053, /usr/local/lib/ollama/llama-server, GPU-685c9973-bece-68da-c697-474881571cee, 5812 MiB; 15082, /usr/local/lib/ollama/llama-server, GPU-f60893db-9b34-48da-859c-ad6639f545ef, 7796 MiB"
2026-09-16T10:25:49.447627+00:00,0,GPU-685c9973-bece-68da-c697-474881571cee,Tesla P100-PCIE-16GB,0,5817,31.02,46,"15053, /usr/local/lib/ollama/llama-server, GPU-685c9973-bece-68da-c697-474881571cee, 5812 MiB; 15082, /usr/local/lib/ollama/llama-server, GPU-f60893db-9b34-48da-859c-ad6639f545ef, 7796 MiB"
2026-09-16T10:25:49.447649+00:00,1,GPU-f60893db-9b34-48da-859c-ad6639f545ef,NVIDIA A100-SXM4-40GB,67,7805,148.36,49,"15053, /usr/local/lib/ollama/llama-server, GPU-685c9973-bece-68da-c697-474881571cee, 5812 MiB; 15082, /usr/local/lib/ollama/llama-server, GPU-f60893db-9b34-48da-859c-ad6639f545ef, 7796 MiB"
2026-09-16T10:25:50.531930+00:00,0,GPU-685c9973-bece-68da-c697-474881571cee,Tesla P100-PCIE-16GB,0,5817,31.02,46,"15053, /usr/local/lib/ollama/llama-server, GPU-685c9973-bece-68da-c697-474881571cee, 5812 MiB; 15082, /usr/local/lib/ollama/llama-server, GPU-f60893db-9b34-48da-859c-ad6639f545ef, 7796 MiB"
2026-09-16T10:25:50.531950+00:00,1,GPU-f60893db-9b34-48da-859c-ad6639f545ef,NVIDIA A100-SXM4-40GB,75,7805,181.91,50,"15053, /usr/local/lib/ollama/llama-server, GPU-685c9973-bece-68da-c697-474881571cee, 5812 MiB; 15082, /usr/local/lib/ollama/llama-server, GPU-f60893db-9b34-48da-859c-ad6639f545ef, 7796 MiB"
2026-09-16T10:25:51.606283+00:00,0,GPU-685c9973-bece-68da-c697-474881571cee,Tesla P100-PCIE-16GB,0,5817,31.27,46,"15053, /usr/local/lib/ollama/llama-server, GPU-685c9973-bece-68da-c697-474881571cee, 5812 MiB; 15082, /usr/local/lib/ollama/llama-server, GPU-f60893db-9b34-48da-859c-ad6639f545ef, 7796 MiB"
2026-09-16T10:25:51.606306+00:00,1,GPU-f60893db-9b34-48da-859c-ad6639f545ef,NVIDIA A100-SXM4-40GB,73,7805,162.58,50,"15053, /usr/local/lib/ollama/llama-server, GPU-685c9973-bece-68da-c697-474881571cee, 5812 MiB; 15082, /usr/local/lib/ollama/llama-server, GPU-f60893db-9b34-48da-859c-ad6639f545ef, 7796 MiB"
2026-09-16T10:25:52.675701+00:00,0,GPU-685c9973-bece-68da-c697-474881571cee,Tesla P100-PCIE-16GB,0,5817,31.25,46,"15053, /usr/local/lib/ollama/llama-server, GPU-685c9973-bece-68da-c697-474881571cee, 5812 MiB; 15082, /usr/local/lib/ollama/llama-server, GPU-f60893db-9b34-48da-859c-ad6639f545ef, 7796 MiB"
2026-09-16T10:25:52.675723+00:00,1,GPU-f60893db-9b34-48da-859c-ad6639f545ef,NVIDIA A100-SXM4-40GB,74,7805,158.20,50,"15053, /usr/local/lib/ollama/llama-server, GPU-685c9973-bece-68da-c697-474881571cee, 5812 MiB; 15082, /usr/local/lib/ollama/llama-server, GPU-f60893db-9b34-48da-859c-ad6639f545ef, 7796 MiB"
